Record ID,Company name,Legal entity name,Category,Subcategory,Street,No.,Postcode,City,District,Country,Phone,E-mail,Website,LinkedIn,Facebook,Instagram,VAT number,Opening hours,Description,Latitude,Longitude,Verification status,Review flags,Completeness %,Company name check,Website check,E-mail check,Phone check,VAT number check,Source,Source URL,Duplicate group,Extracted at (UTC),Reviewer decision,Reviewer notes
KOR-0001,Alvaro,,cafe,coffee shop,Zeger van Heulestraat,64,8501,Kortrijk,Heule,BE,+32 479 72 07 15,,,,,,,,,50.844601,3.23998,UNVERIFIED,,60.9,unverified,missing,missing,unverified - mobile number (BE),missing,osm,https://www.openstreetmap.org/way/276532204,,2026-09-08T09:30:49+00:00,,
KOR-0003,B'Hoven,,restaurant,"fondue, grill",,,,Kortrijk,,BE,,,https://www.fonduehuisbeethoven.be/,,,,,,,50.829312,3.266904,UNVERIFIED,,43.5,unverified,unverified,missing,missing,missing,osm,https://www.openstreetmap.org/node/4598117448,,2026-09-08T09:30:49+00:00,,
KOR-0004,Basta!,,restaurant,mediterranean,Havermarkt,3,8500,Kortrijk,,BE,+32 56 49 37 49,info@bastakortrijk.be,https://www.bastakortrijk.be/,,https://www.facebook.com/bastakortrijk,https://www.instagram.com/bastakortrijk,,"Mo 11:30-14:00; Tu-Th 11:30-14:00,18:00-21:00; Fr 11:30-14:00,18:00-22:00; Sa off; Su 18:00-21:00",,50.825947,3.264579,UNVERIFIED,,78.3,unverified,unverified,unverified,unverified - fixed number (BE),missing,osm,https://www.openstreetmap.org/node/9977230081,,2026-09-08T09:30:49+00:00,,
KOR-0005,Bavet,,restaurant,pasta,Stationsstraat,1,8500,Kortrijk,,BE,,,https://bavet.eu/,,,,,"Mo-Su 11:30-14:00,17:30-21:30",,50.826014,3.264402,UNVERIFIED,,60.9,unverified,unverified,missing,missing,missing,osm,https://www.openstreetmap.org/node/2185620651,,2026-09-08T09:30:49+00:00,,
KOR-0006,Bellegems Friethuisje,,restaurant,friture,Doornikserijksweg,134,8510,Kortrijk,Bellegem,BE,+32 56 22 99 95,belfriet@gmail.com,https://bellegemsfriethuisje.be/,,https://www.facebook.com/Bellegems-Friethuisje-135629569911957,,,"Mo-Th 11:00-14:30,17:00-22:00; Fr 11:00-14:30,17:00-23:00; Sa 11:00-23:00; Su 11:00-22:00",,50.777608,3.304025,UNVERIFIED,,78.3,unverified,unverified,unverified,unverified - fixed number (BE),missing,osm,https://www.openstreetmap.org/way/966031881,,2026-09-08T09:30:49+00:00,,
KOR-0007,beudaert,,restaurant,,Sint-Maartenskerkhof,8,8500,Kortrijk,,BE,,,https://www.beudaert.be/,,,,,,,50.827933,3.268166,UNVERIFIED,,52.2,unverified,unverified,missing,missing,missing,osm,https://www.openstreetmap.org/node/4634140692,,2026-09-08T09:30:49+00:00,,
KOR-0009,Bistro Au Casino,,restaurant,,Doorniksewijk,31,,Kortrijk,,BE,+32 56 22 84 99,bistroaucasino@gmail.com,,,,,,,,50.82201,3.268851,UNVERIFIED,,52.2,unverified,missing,unverified,unverified - fixed number (BE),missing,osm,https://www.openstreetmap.org/node/11854695616,,2026-09-08T09:30:49+00:00,,
KOR-0012,Blauwe Hoeve,,restaurant,,Doorniksesteenweg,15,8500,Kortrijk,,BE,,,,,,,,,,50.81668,3.271593,UNVERIFIED,,47.8,unverified,missing,missing,missing,missing,osm,https://www.openstreetmap.org/way/562503124,,2026-09-08T09:30:49+00:00,,
KOR-0013,Bocca,,restaurant,pasta,Leiestraat,2,8500,Kortrijk,,BE,+32 56 52 02 70,,http://www.bocca.be/locations/kortrijk.html,,,,,,,50.828162,3.265315,UNVERIFIED,,60.9,unverified,unverified,missing,unverified - fixed number (BE),missing,osm,https://www.openstreetmap.org/node/3855298771,,2026-09-08T09:30:49+00:00,,
KOR-0014,Bowls Asian Cuisine,,restaurant,asian,Dolfijnkaai,12,8500,Kortrijk,,BE,+32 56 19 81 99,eat@bowls-kortrijk.be,https://www.bowls-kortrijk.be/,,,,,"Mo-Tu,Fr 11:30-14:00,18:00-22:00; Sa 18:00-22:00; Su 11:30-14:00,18:00-21:00",,50.829304,3.263221,UNVERIFIED,,69.6,unverified,unverified,unverified,unverified - fixed number (BE),missing,osm,https://www.openstreetmap.org/node/8326315864,,2026-09-08T09:30:49+00:00,,
KOR-0015,Café Leffe,,restaurant,,Grote Markt,3,8500,Kortrijk,,BE,,,https://www.cafe-leffe-kortrijk.be/,,,,,,,50.828004,3.265751,UNVERIFIED,,52.2,unverified,unverified,missing,missing,missing,osm,https://www.openstreetmap.org/node/3855377534,,2026-09-08T09:30:49+00:00,,
KOR-0016,Chapeluur,,restaurant,,Grote Markt,1,8500,Kortrijk,,BE,,,https://chapeluur.eu/,,,,,,,50.82809,3.265653,UNVERIFIED,,52.2,unverified,unverified,missing,missing,missing,osm,https://www.openstreetmap.org/node/3855371092,,2026-09-08T09:30:49+00:00,,
KOR-0017,Chez Fergan,,restaurant,,Brugsesteenweg,21,,Kortrijk,,BE,+32 485 57 52 76,info@chezfergan.be,https://chezfergan.be/,,https://www.facebook.com/profile.php?id=61563090756801,,,We-Su 18:00-24:00,,50.835981,3.261995,UNVERIFIED,,65.2,unverified,unverified,unverified,unverified - mobile number (BE),missing,osm,https://www.openstreetmap.org/node/12311551834,,2026-09-08T09:30:49+00:00,,
KOR-0018,d'Oude Burcht,,restaurant,,,,,Kortrijk,,BE,,info@oudeburcht.be,https://www.oudeburcht.be/,,,,,,,50.829277,3.26678,UNVERIFIED,,43.5,unverified,unverified,unverified,missing,missing,osm,https://www.openstreetmap.org/node/4598133877,,2026-09-08T09:30:49+00:00,,
KOR-0019,De Garage,,restaurant,,Aalbeeksesteenweg,64,8500,Kortrijk,,BE,+32 465 02 05 01,fitz@degaragekortrijk.be,https://www.degaragekortrijk.be/,,,https://www.instagram.com/degaragekortrijk,,"Mo-Fr 12:00-14:00,18:30-22:30; We 18:30-22:30",,50.821176,3.258073,UNVERIFIED,,69.6,unverified,unverified,unverified,unverified - mobile number (BE),missing,osm,https://www.openstreetmap.org/node/10686651253,,2026-09-08T09:30:49+00:00,,
KOR-0020,De pomp,,restaurant,,,,,Kortrijk,,BE,,,,,,,,,,50.759005,3.247987,UNVERIFIED,,34.8,unverified,missing,missing,missing,missing,osm,https://www.openstreetmap.org/node/779033004,,2026-09-08T09:30:49+00:00,,
KOR-0021,De Smesse,,cafe,,,,,Kortrijk,,BE,,,,,,,,,,50.777445,3.232378,UNVERIFIED,,34.8,unverified,missing,missing,missing,missing,osm,https://www.openstreetmap.org/node/1083293580,,2026-09-08T09:30:49+00:00,,
KOR-0022,deDingen,,cafe,,Budastraat,12,8500,Kortrijk,,BE,,,https://dedingen.be/,,,,,,,50.830146,3.264048,UNVERIFIED,,52.2,unverified,unverified,missing,missing,missing,osm,https://www.openstreetmap.org/node/2065691962,,2026-09-08T09:30:49+00:00,,
KOR-0023,Den Expo,,cafe,,,,,Kortrijk,,BE,,,,,,,,,,50.808333,3.279413,UNVERIFIED,,34.8,unverified,missing,missing,missing,missing,osm,https://www.openstreetmap.org/node/703600346,,2026-09-08T09:30:49+00:00,,
KOR-0024,Dionysos,,restaurant,greek,Doornikselaan,4,8500,Kortrijk,,BE,,,,,,,,,,50.825023,3.265997,UNVERIFIED,,52.2,unverified,missing,missing,missing,missing,osm,https://www.openstreetmap.org/way/391267222,,2026-09-08T09:30:49+00:00,,
KOR-0025,Dynasty Ocho,,restaurant,chinese,Pottelberg,136,8510,Kortrijk,Marke,BE,+32 56 21 68 88,,https://www.dynastyocho.be/,,,,,Th-Tu 12:00-00:00,,50.810407,3.248972,UNVERIFIED,,69.6,unverified,unverified,missing,unverified - fixed number (BE),missing,osm,https://www.openstreetmap.org/node/4485631691,,2026-09-08T09:30:49+00:00,,
KOR-0026,Eetcafé Nostalgie,,restaurant,,Veemarkt,26,8500,Kortrijk,,BE,,,https://eetcafenostalgie.be/,,,,,,,50.82629,3.273309,UNVERIFIED,,52.2,unverified,unverified,missing,missing,missing,osm,https://www.openstreetmap.org/node/4853104325,,2026-09-08T09:30:49+00:00,,
KOR-0027,Frituur Natuur,,restaurant,friture,,,,Kortrijk,,BE,,info@frituurnatuur.be,https://www.frituurnatuur.be/,,,,BE0629985405,,,50.804802,3.237818,UNVERIFIED,,52.2,unverified,unverified,unverified,missing,unverified,osm,https://www.openstreetmap.org/way/408034848,,2026-09-08T09:30:49+00:00,,
KOR-0028,Goed Ten Houte,,restaurant,,Ten Houtedreef,31,8500,Kortrijk,,BE,,,https://www.goedtenhoute.be/,,,,,,,50.795362,3.292006,UNVERIFIED,,52.2,unverified,unverified,missing,missing,missing,osm,https://www.openstreetmap.org/relation/17071436,,2026-09-08T09:30:49+00:00,,
KOR-0029,Gursha,,restaurant,,Overbekeplein,11,,Kortrijk,,BE,+32 484 21 16 50,gursha.kortrijk@gmail.com,https://gurshakortrijk.com/,,https://www.facebook.com/profile.php?id=61582449869308,,,"Th,Fr 11:30-14:00,17:30-21:00; Sa 14:00-21:00",,50.827513,3.269246,UNVERIFIED,,65.2,unverified,unverified,unverified,unverified - mobile number (BE),missing,osm,https://www.openstreetmap.org/node/13285101515,,2026-09-08T09:30:49+00:00,,
KOR-0030,Hollywok,,restaurant,asian,President Kennedylaan,100,8500,Kortrijk,,BE,+32 56 20 55 88,info@hollywok.be,https://hollywok.be/,,,,,,,50.805208,3.275526,UNVERIFIED,,65.2,unverified,unverified,unverified,unverified - fixed number (BE),missing,osm,https://www.openstreetmap.org/node/703602654,,2026-09-08T09:30:49+00:00,,
KOR-0031,IzyCoffee,,cafe,coffee shop,Korte Steenstraat,15,8500,Kortrijk,,BE,,,https://izycoffee.be/,,,,,Mo-Su 08:00-20:00,,50.827061,3.267766,UNVERIFIED,,60.9,unverified,unverified,missing,missing,missing,osm,https://www.openstreetmap.org/way/561288931,,2026-09-08T09:30:49+00:00,,
KOR-0034,KVK Jeugdacademie,,cafe,,,,,Kortrijk,,BE,,,,,,,,,,50.836885,3.255895,UNVERIFIED,,34.8,unverified,missing,missing,missing,missing,osm,https://www.openstreetmap.org/way/276194080,,2026-09-08T09:30:49+00:00,,
KOR-0035,Le Cou Cou,,restaurant,french,Roodhuisweg,10,8510,Kortrijk,Bellegem,BE,+32 56 49 61 57,enjoy@lecoucou.be,https://www.lecoucou.be/,,,,,,,50.777897,3.283105,UNVERIFIED,,69.6,unverified,unverified,unverified,unverified - fixed number (BE),missing,osm,https://www.openstreetmap.org/node/7734520885,,2026-09-08T09:30:49+00:00,,
KOR-0036,Nagomi Sushi,,restaurant,japanese,Grote Markt,39,8500,Kortrijk,,BE,+32 56 21 26 68,,https://www.nagomisushi.be/,,https://www.facebook.com/nagomisushi,,,,,50.82726,3.26548,UNVERIFIED,,65.2,unverified,unverified,missing,unverified - fixed number (BE),missing,osm,https://www.openstreetmap.org/node/3841577021,,2026-09-08T09:30:49+00:00,,
KOR-0037,Nata,,restaurant,,,,,Kortrijk,,BE,,,https://www.natakortrijk.be/,,,,,,,50.827916,3.265914,UNVERIFIED,,39.1,unverified,unverified,missing,missing,missing,osm,https://www.openstreetmap.org/node/1345512685,,2026-09-08T09:30:49+00:00,,
KOR-0038,Nude Kortrijk | Middle-Eastern eat-easy bar,,restaurant,,Koning Albertstraat,15,8500,Kortrijk,,BE,+32 56 90 00 05,,https://www.nude-kortrijk.be/,,,,,"Tu-Fr 12:00-14:00, Tu-Fr 17:00-24:00, Sa 12:00-24:00",,50.825829,3.262301,UNVERIFIED,,60.9,unverified,unverified,missing,unverified - fixed number (BE),missing,osm,https://www.openstreetmap.org/way/567390704,,2026-09-08T09:30:49+00:00,,
KOR-0039,Oriental,,restaurant,chinese,Onze-Lieve-Vrouwestraat,23,8500,Kortrijk,,BE,+32 56 20 26 88,,http://www.oriental-kortrijk.be/,,,,,"Mo-Su 12:00-14:30, 18:00-23:30",,50.828857,3.265834,UNVERIFIED,,65.2,unverified,unverified,missing,unverified - fixed number (BE),missing,osm,https://www.openstreetmap.org/node/4460059189,,2026-09-08T09:30:49+00:00,,
KOR-0040,Pastaciutta,,restaurant,italian,Magdalenastraat,15,8500,Kortrijk,,BE,+32 56 44 64 63,,https://pastasciutta.be/,,,,,"Mo-Fr 11:00-15:00, 17:00-21:00; Su 17:00-21:00",,50.825361,3.257609,UNVERIFIED,,65.2,unverified,unverified,missing,unverified - fixed number (BE),missing,osm,https://www.openstreetmap.org/node/4594493381,,2026-09-08T09:30:49+00:00,,
KOR-0041,Piccoli,,cafe,ice cream,,,,Kortrijk,,BE,,,http://www.piccoli.be/,,,,,,,50.827343,3.267055,UNVERIFIED,,43.5,unverified,unverified,missing,missing,missing,osm,https://www.openstreetmap.org/node/3841537245,,2026-09-08T09:30:49+00:00,,
KOR-0042,Pizza Hut,,restaurant,pizza,President Kennedylaan,100,8500,Kortrijk,,BE,,,https://restaurants.pizzahut.be/restaurant/restaurant-kortrijk-kinepolis,,,,,,,50.805169,3.274961,UNVERIFIED,,56.5,unverified,unverified,missing,missing,missing,osm,https://www.openstreetmap.org/node/6598795472,,2026-09-08T09:30:49+00:00,,
KOR-0043,Pizzeria Primavera,,restaurant,pizza,Lange Munteplein,7,8500,Kortrijk,,BE,,,,,,,,Tu-Su 18:00-22:00,,50.810781,3.298633,UNVERIFIED,,56.5,unverified,missing,missing,missing,missing,osm,https://www.openstreetmap.org/node/737246925,,2026-09-08T09:30:49+00:00,,
KOR-0044,Pizzeria Ristorante l'Osteria,,restaurant,pizza,Grote Markt,27,8500,Kortrijk,,BE,,,https://www.l-osteria.be/,,,,,"Tu 18:30-22:00; We-Su 12:00-14:00, 18:30-22:00",,50.827332,3.266981,UNVERIFIED,,60.9,unverified,unverified,missing,missing,missing,osm,https://www.openstreetmap.org/node/3841537246,,2026-09-08T09:30:49+00:00,,
KOR-0045,Pizzi Cotto,,restaurant,pizza,,,,Kortrijk,,BE,+32 56 21 00 18,info@pizzicotto.be,https://www.pizzicotto.be/,,https://www.facebook.com/Emilia.Anton1988,,,,,50.826433,3.271227,UNVERIFIED,,56.5,unverified,unverified,unverified,unverified - fixed number (BE),missing,osm,https://www.openstreetmap.org/node/12294108325,,2026-09-08T09:30:49+00:00,,
KOR-0046,Ripasso,,restaurant,,,,,Kortrijk,,BE,+32 475 75 60 65,info@ripasso.be,http://www.ripasso.be/,,,,,,,50.813911,3.242683,UNVERIFIED,,47.8,unverified,unverified,unverified,unverified - mobile number (BE),missing,osm,https://www.openstreetmap.org/node/10168651060,,2026-09-08T09:30:49+00:00,,
KOR-0047,Saint-Christophe,,restaurant,,,,,Kortrijk,,BE,,,https://www.stchristophe.be/,,,,,"Tu 12:15-13:30; We-Fr 12:15-13:30, 19:15-21:00; Sa 19:15-21:00; Su 12:15-13:30",,50.823828,3.266805,UNVERIFIED,,43.5,unverified,unverified,missing,missing,missing,osm,https://www.openstreetmap.org/node/7123362537,,2026-09-08T09:30:49+00:00,,
KOR-0048,Saint-Cornil,,restaurant,steak house,Aalbekeplaats,15,8511,Kortrijk,Aalbeke,BE,+32 56 41 35 23,,https://www.st-cornil-aalbeke.be/,,,,,"Mo-Fr 12:00-14:00,19:30-22:00; Sa-Su,PH off",,50.779214,3.230881,UNVERIFIED,,69.6,unverified,unverified,missing,unverified - fixed number (BE),missing,osm,https://www.openstreetmap.org/node/2729766962,,2026-09-08T09:30:49+00:00,,
KOR-0049,Sint Georges,,restaurant,,,,,Kortrijk,,BE,,,https://www.restaurantstgeorges.com/,,,,,,,50.778853,3.230064,UNVERIFIED,,39.1,unverified,unverified,missing,missing,missing,osm,https://www.openstreetmap.org/node/790036984,,2026-09-08T09:30:49+00:00,,
KOR-0051,Tarterie,,cafe,,Grote Markt,44,8500,Kortrijk,,BE,,,https://www.tarterie.be/,,https://www.facebook.com/Tarterie.be,,,,,50.827424,3.265239,UNVERIFIED,,56.5,unverified,unverified,missing,missing,missing,osm,https://www.openstreetmap.org/node/3855250816,,2026-09-08T09:30:49+00:00,,
KOR-0054,Vesper,,restaurant,,Voorstraat,34,8500,Kortrijk,,BE,+32 472 35 49 04,info@vesperkortrijk.be,https://www.vesperkortrijk.be/,,https://www.facebook.com/vesperkortrijk,https://www.instagram.com/vesperkortrijk,,"Mo 11:45-14:00; Tu-Th 11:45-14:00,18:30-21:00; Fr 11:45-14:00,18:00-21:30; Sa 11:45-14:30,18:00-21:30",,50.827892,3.2718,UNVERIFIED,,73.9,unverified,unverified,unverified,unverified - mobile number (BE),missing,osm,https://www.openstreetmap.org/node/10082074964,,2026-09-08T09:30:49+00:00,,
KOR-0056,Wilmanda's Coffee,,cafe,,Lange Steenstraat,13A,,Kortrijk,,BE,+32 490 31 42 79,info@wilmandascoffee.com,https://www.wilmandascoffee.com/,,https://www.facebook.com/profile.php?id=61576366208510,,,,,50.826436,3.267628,UNVERIFIED,,60.9,unverified,unverified,unverified,unverified - mobile number (BE),missing,osm,https://www.openstreetmap.org/node/13395819766,,2026-09-08T09:30:49+00:00,,
KOR-0002,B'aristokat,,cafe,"coffee shop, pancake",,,8500,Kortrijk,,BE,+32 495 43 46 40,info@baristokat.be,https://baristokat-kattencafe.be/,,,https://www.instagram.com/baristokat.kortrijk,,,Katten café,50.828398,3.265629,NEEDS_REVIEW,e-mail domain (baristokat.be) differs from website domain (baristokat-kattencafe.be) - review,65.2,unverified,unverified,unverified,unverified - mobile number (BE),missing,osm,https://www.openstreetmap.org/node/9288274414,,2026-09-08T09:30:49+00:00,,
KOR-0008,Bistro 't Forum,,restaurant,,,,,Kortrijk,,BE,,,https://www.vives.be/nl/kortrijk/bistro,,,,,,,50.805992,3.283541,NEEDS_REVIEW,possible duplicate (DUP-003): same website domain but different name/address (branch or chain?) - names 43% similar - review | possible duplicate (DUP-004): same website domain but different name/address (branch or chain?) - names 27% similar - review,39.1,unverified,unverified,missing,missing,missing,osm,https://www.openstreetmap.org/node/8004386864,DUP-003,2026-09-08T09:30:49+00:00,,
KOR-0010,Bistro Tout Court,,restaurant,regional,Budastraat,24,8500,Kortrijk,Heule,BE,+32 472 46 37 48,,https://www.bistrotoutcourt.be/,,,,,"Mo-Fr 11:30-13:30,18:30-21:30; Sa 11:30-13:30,18:30-22:00",,50.8304,3.263629,NEEDS_REVIEW,note: merged 1 duplicate record(s) - same website domain; names 100% similar | merged duplicates disagree on: street: Budastraat vs Sint-Katharinastraat; house_number: 24 vs 105; postcode: 8500 vs 8501 - review,69.6,unverified,unverified,missing,unverified - mobile number (BE),missing,osm,https://www.openstreetmap.org/node/6932290778,DUP-001,2026-09-08T09:30:49+00:00,,
KOR-0033,Kostbar,,restaurant,,Kloosterstraat,60,8510,Kortrijk,Marke,BE,+32 486 83 21 66,els@kostbar-marke.be,https://kostbar-marke.be/,,https://www.facebook.com/kostbarmarke,,,"Tu-Th 10:00-17:00; Fr,Sa 10:00-17:00,19:00-21:00",,50.805567,3.236487,NEEDS_REVIEW,"source marks the business as closed (opening hours) - review | note: merged 1 duplicate record(s) - same phone, email; names 82% similar | merged duplicates disagree on: company_name: Kostbar vs Kostba(a)r - review",73.9,conflict - differs between sources: Kostbar vs Kostba(a)r | other values seen: Kostba(a)r,unverified,unverified,unverified - mobile number (BE),missing,osm,https://www.openstreetmap.org/node/11724904081,DUP-002,2026-09-08T09:30:49+00:00,,
KOR-0050,Storia Di,,restaurant,italian,,,,Kortrijk,,BE,,,https://www.vives.be/nl/kortrijk/storiadi,,,,,,,50.806054,3.283642,NEEDS_REVIEW,possible duplicate (DUP-003): same website domain but different name/address (branch or chain?) - names 43% similar - review | possible duplicate (DUP-005): same website domain but different name/address (branch or chain?) - names 24% similar - review,43.5,unverified,unverified,missing,missing,missing,osm,https://www.openstreetmap.org/node/8004386863,DUP-003,2026-09-08T09:30:49+00:00,,
KOR-0052,Thai Lin,,restaurant,thai,Dolfijnkaai,3,8500,Kortrijk,,BE,+32 56 51 20 48,info@thailin.be,http://www.y-notthai.com/,,,,,We-Th 18:00-21:30; Fr-Sa 18:00-22:00; Su 18:00-21:00,,50.829348,3.264022,NEEDS_REVIEW,e-mail domain (thailin.be) differs from website domain (y-notthai.com) - review,69.6,unverified,unverified,unverified,unverified - fixed number (BE),missing,osm,https://www.openstreetmap.org/node/3839667142,,2026-09-08T09:30:49+00:00,,
KOR-0053,The Cube,,restaurant,,,,,Kortrijk,,BE,,,https://www.vives.be/nl/kortrijk/thecube,,,,,Mo-Fr 11:30-14:00,,50.806723,3.281316,NEEDS_REVIEW,possible duplicate (DUP-004): same website domain but different name/address (branch or chain?) - names 27% similar - review | possible duplicate (DUP-005): same website domain but different name/address (branch or chain?) - names 24% similar - review,43.5,unverified,unverified,missing,missing,missing,osm,https://www.openstreetmap.org/node/8004386862,DUP-004,2026-09-08T09:30:49+00:00,,
KOR-0055,Viva Sara Kaffee,,cafe,,Grote Markt,33,8500,Kortrijk,,BE,+32 56 21 72 70,info@vivasarakaffee.com,https://www.vivasara.be/nl/kaffee/kortrijk,,,,,Mo-Su 09:00-18:00,,50.827259,3.266439,NEEDS_REVIEW,e-mail domain (vivasarakaffee.com) differs from website domain (vivasara.be) - review,65.2,unverified,unverified,unverified,unverified - fixed number (BE),missing,osm,https://www.openstreetmap.org/node/4905761821,,2026-09-08T09:30:49+00:00,,
